CVE,Vulhub_Path,Target_Image,Target_Port,MSF_Module,MSF_Type,Name,Description,RAG_Context
CVE-2008-6508,openfire\CVE-2023-32315,vulhub/openfire:4.7.4,9090,exploits/multi/http/openfire_auth_bypass,exploits,Unknown Vulnerability,No description available.,Vulnerability Name: Unknown Vulnerability. Description: No description available. Reliability: Normal. This module is of type 'exploits' and targets 'vulhub/openfire:4.7.4' on port 9090.
CVE-2010-2861,coldfusion\CVE-2010-2861,vulhub/coldfusion:8.0.1,8500,auxiliary/scanner/http/coldfusion_locale_traversal,auxiliary,Unknown Vulnerability,No description available.,Vulnerability Name: Unknown Vulnerability. Description: No description available. Reliability: Normal. This module is of type 'auxiliary' and targets 'vulhub/coldfusion:8.0.1' on port 8500.
CVE-2012-1823,php\CVE-2012-1823,vulhub/php:5.4.1-cgi,8080,exploits/multi/http/php_cgi_arg_injection,exploits,Unknown Vulnerability,No description available.,Vulnerability Name: Unknown Vulnerability. Description: No description available. Reliability: Normal. This module is of type 'exploits' and targets 'vulhub/php:5.4.1-cgi' on port 8080.
CVE-2012-2122,mysql\CVE-2012-2122,vulhub/mysql:5.5.23,3306,auxiliary/scanner/mysql/mysql_authbypass_hashdump,auxiliary,Unknown Vulnerability,No description available.,Vulnerability Name: Unknown Vulnerability. Description: No description available. Reliability: Normal. This module is of type 'auxiliary' and targets 'vulhub/mysql:5.5.23' on port 3306.
CVE-2014-0160,openssl\CVE-2014-0160,vulhub/openssl:1.0.1c-with-nginx,8080,auxiliary/scanner/ssl/openssl_heartbleed,auxiliary,Unknown Vulnerability,No description available.,Vulnerability Name: Unknown Vulnerability. Description: No description available. Reliability: Normal. This module is of type 'auxiliary' and targets 'vulhub/openssl:1.0.1c-with-nginx' on port 8080.
CVE-2014-3120,elasticsearch\CVE-2014-3120,vulhub/elasticsearch:1.1.1,9200,exploits/multi/elasticsearch/script_mvel_rce,exploits,Unknown Vulnerability,No description available.,Vulnerability Name: Unknown Vulnerability. Description: No description available. Reliability: Normal. This module is of type 'exploits' and targets 'vulhub/elasticsearch:1.1.1' on port 9200.
CVE-2014-3704,drupal\CVE-2014-3704,vulhub/drupal:7.31,8080,exploits/multi/http/drupal_drupageddon,exploits,Unknown Vulnerability,No description available.,Vulnerability Name: Unknown Vulnerability. Description: No description available. Reliability: Normal. This module is of type 'exploits' and targets 'vulhub/drupal:7.31' on port 8080.
CVE-2014-6271,bash\CVE-2014-6271,vulhub/bash:4.3.0-with-httpd,8080,exploits/linux/http/advantech_switch_bash_env_exec,exploits,Unknown Vulnerability,No description available.,Vulnerability Name: Unknown Vulnerability. Description: No description available. Reliability: Normal. This module is of type 'exploits' and targets 'vulhub/bash:4.3.0-with-httpd' on port 8080.
CVE-2015-1427,elasticsearch\CVE-2015-1427,vulhub/elasticsearch:1.4.2,9200,exploits/multi/elasticsearch/search_groovy_script,exploits,Unknown Vulnerability,No description available.,Vulnerability Name: Unknown Vulnerability. Description: No description available. Reliability: Normal. This module is of type 'exploits' and targets 'vulhub/elasticsearch:1.4.2' on port 9200.
CVE-2015-5531,elasticsearch\CVE-2015-5531,,9200,auxiliary/scanner/http/elasticsearch_traversal,auxiliary,Unknown Vulnerability,No description available.,Vulnerability Name: Unknown Vulnerability. Description: No description available. Reliability: Normal. This module is of type 'auxiliary' and targets 'None' on port 9200.
CVE-2016-10033,wordpress\pwnscriptum,vulhub/wordpress:4.6,8080,exploits/multi/http/phpmailer_arg_injection,exploits,Unknown Vulnerability,No description available.,Vulnerability Name: Unknown Vulnerability. Description: No description available. Reliability: Normal. This module is of type 'exploits' and targets 'vulhub/wordpress:4.6' on port 8080.
CVE-2016-10134,zabbix\CVE-2016-10134,vulhub/zabbix:3.0.3-server,,auxiliary/gather/zabbix_toggleids_sqli,auxiliary,Unknown Vulnerability,No description available.,Vulnerability Name: Unknown Vulnerability. Description: No description available. Reliability: Normal. This module is of type 'auxiliary' and targets 'vulhub/zabbix:3.0.3-server' on port .
CVE-2016-3081,struts2\s2-032,vulhub/struts2:2.3.28,8080,exploits/multi/http/struts_dmi_exec,exploits,Unknown Vulnerability,No description available.,Vulnerability Name: Unknown Vulnerability. Description: No description available. Reliability: Normal. This module is of type 'exploits' and targets 'vulhub/struts2:2.3.28' on port 8080.
CVE-2016-3088,activemq\CVE-2016-3088,vulhub/activemq:5.11.1-with-cron,61616,exploits/multi/http/apache_activemq_upload_jsp,exploits,Unknown Vulnerability,No description available.,Vulnerability Name: Unknown Vulnerability. Description: No description available. Reliability: Normal. This module is of type 'exploits' and targets 'vulhub/activemq:5.11.1-with-cron' on port 61616.
CVE-2016-3714,imagemagick\CVE-2016-3714,vulhub/imagemagick:6.9.2-10-php,8080,exploits/unix/fileformat/imagemagick_delegate,exploits,Unknown Vulnerability,No description available.,Vulnerability Name: Unknown Vulnerability. Description: No description available. Reliability: Normal. This module is of type 'exploits' and targets 'vulhub/imagemagick:6.9.2-10-php' on port 8080.
CVE-2016-4437,shiro\CVE-2016-4437,vulhub/shiro:1.2.4,8080,exploits/multi/http/shiro_rememberme_v124_deserialize,exploits,Unknown Vulnerability,No description available.,Vulnerability Name: Unknown Vulnerability. Description: No description available. Reliability: Normal. This module is of type 'exploits' and targets 'vulhub/shiro:1.2.4' on port 8080.
CVE-2016-5734,phpmyadmin\CVE-2016-5734,vulhub/phpmyadmin:4.4.15.6,8080,exploits/multi/http/phpmyadmin_null_termination_exec,exploits,Unknown Vulnerability,No description available.,Vulnerability Name: Unknown Vulnerability. Description: No description available. Reliability: Normal. This module is of type 'exploits' and targets 'vulhub/phpmyadmin:4.4.15.6' on port 8080.
CVE-2017-1000028,glassfish\CVE-2017-1000028,vulhub/glassfish:4.1,4848,auxiliary/scanner/http/glassfish_traversal,auxiliary,Unknown Vulnerability,No description available.,Vulnerability Name: Unknown Vulnerability. Description: No description available. Reliability: Normal. This module is of type 'auxiliary' and targets 'vulhub/glassfish:4.1' on port 4848.
CVE-2017-1000353,jenkins\CVE-2017-1000353,vulhub/jenkins:2.46.1,50000,exploits/linux/http/jenkins_cli_deserialization,exploits,Unknown Vulnerability,No description available.,Vulnerability Name: Unknown Vulnerability. Description: No description available. Reliability: Normal. This module is of type 'exploits' and targets 'vulhub/jenkins:2.46.1' on port 50000.
CVE-2017-10271,weblogic\CVE-2017-10271,vulhub/weblogic:10.3.6.0-2017,7001,exploits/multi/http/oracle_weblogic_wsat_deserialization_rce,exploits,Unknown Vulnerability,No description available.,Vulnerability Name: Unknown Vulnerability. Description: No description available. Reliability: Normal. This module is of type 'exploits' and targets 'vulhub/weblogic:10.3.6.0-2017' on port 7001.
CVE-2017-11610,supervisor\CVE-2017-11610,,9001,exploits/linux/http/supervisor_xmlrpc_exec,exploits,Unknown Vulnerability,No description available.,Vulnerability Name: Unknown Vulnerability. Description: No description available. Reliability: Normal. This module is of type 'exploits' and targets 'None' on port 9001.
CVE-2017-12149,jboss\CVE-2017-12149,vulhub/jboss:as-6.1.0,9990,auxiliary/scanner/http/jboss_vulnscan,auxiliary,Unknown Vulnerability,No description available.,Vulnerability Name: Unknown Vulnerability. Description: No description available. Reliability: Normal. This module is of type 'auxiliary' and targets 'vulhub/jboss:as-6.1.0' on port 9990.
CVE-2017-12635,couchdb\CVE-2017-12635,vulhub/couchdb:2.1.0,5984,exploits/linux/http/apache_couchdb_cmd_exec,exploits,Unknown Vulnerability,No description available.,Vulnerability Name: Unknown Vulnerability. Description: No description available. Reliability: Normal. This module is of type 'exploits' and targets 'vulhub/couchdb:2.1.0' on port 5984.
CVE-2017-12636,couchdb\CVE-2017-12636,vulhub/couchdb:1.6.0,5984,exploits/linux/http/apache_couchdb_cmd_exec,exploits,Unknown Vulnerability,No description available.,Vulnerability Name: Unknown Vulnerability. Description: No description available. Reliability: Normal. This module is of type 'exploits' and targets 'vulhub/couchdb:1.6.0' on port 5984.
CVE-2017-17562,goahead\CVE-2017-17562,vulhub/goahead:3.6.4,8080,exploits/linux/http/goahead_ldpreload,exploits,Unknown Vulnerability,No description available.,Vulnerability Name: Unknown Vulnerability. Description: No description available. Reliability: Normal. This module is of type 'exploits' and targets 'vulhub/goahead:3.6.4' on port 8080.
CVE-2017-5638,struts2\s2-045,vulhub/struts2:2.3.30,8080,exploits/multi/http/struts2_content_type_ognl,exploits,Unknown Vulnerability,No description available.,Vulnerability Name: Unknown Vulnerability. Description: No description available. Reliability: Normal. This module is of type 'exploits' and targets 'vulhub/struts2:2.3.30' on port 8080.
CVE-2017-7494,samba\CVE-2017-7494,vulhub/samba:4.6.3,445,exploits/linux/samba/is_known_pipename,exploits,Unknown Vulnerability,No description available.,Vulnerability Name: Unknown Vulnerability. Description: No description available. Reliability: Normal. This module is of type 'exploits' and targets 'vulhub/samba:4.6.3' on port 445.
CVE-2017-8291,python\PIL-CVE-2017-8291,vulhub/ghostscript:9.21-with-flask,8000,exploits/unix/fileformat/ghostscript_type_confusion,exploits,Unknown Vulnerability,No description available.,Vulnerability Name: Unknown Vulnerability. Description: No description available. Reliability: Normal. This module is of type 'exploits' and targets 'vulhub/ghostscript:9.21-with-flask' on port 8000.
CVE-2017-8917,joomla\CVE-2017-8917,vulhub/joomla:3.7.0,8080,exploits/unix/webapp/joomla_comfields_sqli_rce,exploits,Unknown Vulnerability,No description available.,Vulnerability Name: Unknown Vulnerability. Description: No description available. Reliability: Normal. This module is of type 'exploits' and targets 'vulhub/joomla:3.7.0' on port 8080.
CVE-2018-1000006,electron\CVE-2018-1000006,vulhub/electron:wine,,exploits/windows/browser/exodus,exploits,Unknown Vulnerability,No description available.,Vulnerability Name: Unknown Vulnerability. Description: No description available. Reliability: Normal. This module is of type 'exploits' and targets 'vulhub/electron:wine' on port .
CVE-2018-1000533,gitlist\CVE-2018-1000533,,8080,exploits/multi/http/gitlist_arg_injection,exploits,Unknown Vulnerability,No description available.,Vulnerability Name: Unknown Vulnerability. Description: No description available. Reliability: Normal. This module is of type 'exploits' and targets 'None' on port 8080.
CVE-2018-10054,h2database\CVE-2018-10054,vulhub/spring-with-h2database:1.4.197,8080,exploits/linux/http/h2_webinterface_rce,exploits,Unknown Vulnerability,No description available.,Vulnerability Name: Unknown Vulnerability. Description: No description available. Reliability: Normal. This module is of type 'exploits' and targets 'vulhub/spring-with-h2database:1.4.197' on port 8080.
CVE-2018-10933,libssh\CVE-2018-10933,vulhub/libssh:0.8.1,2222,auxiliary/scanner/ssh/libssh_auth_bypass,auxiliary,Unknown Vulnerability,No description available.,Vulnerability Name: Unknown Vulnerability. Description: No description available. Reliability: Normal. This module is of type 'auxiliary' and targets 'vulhub/libssh:0.8.1' on port 2222.
CVE-2018-11776,struts2\s2-057,vulhub/struts2:2.3.34-showcase,8080,exploits/multi/http/struts2_namespace_ognl,exploits,Unknown Vulnerability,No description available.,Vulnerability Name: Unknown Vulnerability. Description: No description available. Reliability: Normal. This module is of type 'exploits' and targets 'vulhub/struts2:2.3.34-showcase' on port 8080.
CVE-2018-12613,phpmyadmin\CVE-2018-12613,vulhub/phpmyadmin:4.8.1,8080,exploits/multi/http/phpmyadmin_lfi_rce,exploits,Unknown Vulnerability,No description available.,Vulnerability Name: Unknown Vulnerability. Description: No description available. Reliability: Normal. This module is of type 'exploits' and targets 'vulhub/phpmyadmin:4.8.1' on port 8080.
CVE-2018-15473,openssh\CVE-2018-15473,,20022,auxiliary/scanner/ssh/ssh_enumusers,auxiliary,Unknown Vulnerability,No description available.,Vulnerability Name: Unknown Vulnerability. Description: No description available. Reliability: Normal. This module is of type 'auxiliary' and targets 'None' on port 20022.
CVE-2018-16509,ghostscript\CVE-2018-16509,vulhub/imagemagick:7.0.8-10-php,8080,exploits/multi/fileformat/ghostscript_failed_restore,exploits,Unknown Vulnerability,No description available.,Vulnerability Name: Unknown Vulnerability. Description: No description available. Reliability: Normal. This module is of type 'exploits' and targets 'vulhub/imagemagick:7.0.8-10-php' on port 8080.
CVE-2018-19518,php\CVE-2018-19518,vulhub/php:5.6.38-apache,8080,exploits/linux/http/php_imap_open_rce,exploits,Unknown Vulnerability,No description available.,Vulnerability Name: Unknown Vulnerability. Description: No description available. Reliability: Normal. This module is of type 'exploits' and targets 'vulhub/php:5.6.38-apache' on port 8080.
CVE-2018-2628,weblogic\CVE-2018-2628,vulhub/weblogic:10.3.6.0-2017,7001,exploits/multi/misc/weblogic_deserialize,exploits,Unknown Vulnerability,No description available.,Vulnerability Name: Unknown Vulnerability. Description: No description available. Reliability: Normal. This module is of type 'exploits' and targets 'vulhub/weblogic:10.3.6.0-2017' on port 7001.
CVE-2018-7600,drupal\CVE-2018-7600,vulhub/drupal:8.5.0,8080,exploits/unix/webapp/drupal_drupalgeddon2,exploits,Unknown Vulnerability,No description available.,Vulnerability Name: Unknown Vulnerability. Description: No description available. Reliability: Normal. This module is of type 'exploits' and targets 'vulhub/drupal:8.5.0' on port 8080.
CVE-2019-0230,struts2\s2-059,vulhub/struts2:2.5.16,8080,exploits/multi/http/struts2_multi_eval_ognl,exploits,Unknown Vulnerability,No description available.,Vulnerability Name: Unknown Vulnerability. Description: No description available. Reliability: Normal. This module is of type 'exploits' and targets 'vulhub/struts2:2.5.16' on port 8080.
CVE-2019-11043,php\CVE-2019-11043,nginx:1,8080,exploits/multi/http/php_fpm_rce,exploits,Unknown Vulnerability,No description available.,Vulnerability Name: Unknown Vulnerability. Description: No description available. Reliability: Normal. This module is of type 'exploits' and targets 'nginx:1' on port 8080.
CVE-2019-15107,webmin\CVE-2019-15107,vulhub/webmin:1.910,10000,exploits/linux/http/webmin_backdoor,exploits,Unknown Vulnerability,No description available.,Vulnerability Name: Unknown Vulnerability. Description: No description available. Reliability: Normal. This module is of type 'exploits' and targets 'vulhub/webmin:1.910' on port 10000.
CVE-2019-17558,solr\CVE-2019-17558,vulhub/solr:8.2.0,8983,exploits/multi/http/solr_velocity_rce,exploits,Unknown Vulnerability,No description available.,Vulnerability Name: Unknown Vulnerability. Description: No description available. Reliability: Normal. This module is of type 'exploits' and targets 'vulhub/solr:8.2.0' on port 8983.
CVE-2019-2725,weblogic\CVE-2020-14882,vulhub/weblogic:12.2.1.3-2018,7001,exploits/multi/misc/weblogic_deserialize_asyncresponseservice,exploits,Unknown Vulnerability,No description available.,Vulnerability Name: Unknown Vulnerability. Description: No description available. Reliability: Normal. This module is of type 'exploits' and targets 'vulhub/weblogic:12.2.1.3-2018' on port 7001.
CVE-2019-3396,confluence\CVE-2019-3396,vulhub/confluence:6.10.2,8090,exploits/multi/http/confluence_widget_connector,exploits,Unknown Vulnerability,No description available.,Vulnerability Name: Unknown Vulnerability. Description: No description available. Reliability: Normal. This module is of type 'exploits' and targets 'vulhub/confluence:6.10.2' on port 8090.
CVE-2019-5418,rails\CVE-2019-5418,,3000,auxiliary/gather/rails_doubletap_file_read,auxiliary,Unknown Vulnerability,No description available.,Vulnerability Name: Unknown Vulnerability. Description: No description available. Reliability: Normal. This module is of type 'auxiliary' and targets 'None' on port 3000.
CVE-2019-7609,kibana\CVE-2019-7609,vulhub/kibana:6.5.4,5601,exploits/linux/http/kibana_timelion_prototype_pollution_rce,exploits,Unknown Vulnerability,No description available.,Vulnerability Name: Unknown Vulnerability. Description: No description available. Reliability: Normal. This module is of type 'exploits' and targets 'vulhub/kibana:6.5.4' on port 5601.
CVE-2019-9193,postgres\CVE-2019-9193,vulhub/postgres:10.7,5432,exploits/multi/postgres/postgres_copy_from_program_cmd_exec,exploits,Unknown Vulnerability,No description available.,Vulnerability Name: Unknown Vulnerability. Description: No description available. Reliability: Normal. This module is of type 'exploits' and targets 'vulhub/postgres:10.7' on port 5432.
CVE-2020-10199,nexus\CVE-2020-10199,vulhub/nexus:3.21.1,8081,exploits/linux/http/nexus_repo_manager_el_injection,exploits,Unknown Vulnerability,No description available.,Vulnerability Name: Unknown Vulnerability. Description: No description available. Reliability: Normal. This module is of type 'exploits' and targets 'vulhub/nexus:3.21.1' on port 8081.
CVE-2020-11651,saltstack\CVE-2020-11651,vulhub/saltstack:2019.2.3,8000,exploits/linux/misc/saltstack_salt_unauth_rce,exploits,Unknown Vulnerability,No description available.,Vulnerability Name: Unknown Vulnerability. Description: No description available. Reliability: Normal. This module is of type 'exploits' and targets 'vulhub/saltstack:2019.2.3' on port 8000.
CVE-2020-11652,saltstack\CVE-2020-11651,vulhub/saltstack:2019.2.3,8000,exploits/linux/misc/saltstack_salt_unauth_rce,exploits,Unknown Vulnerability,No description available.,Vulnerability Name: Unknown Vulnerability. Description: No description available. Reliability: Normal. This module is of type 'exploits' and targets 'vulhub/saltstack:2019.2.3' on port 8000.
CVE-2020-11978,airflow\CVE-2020-11978,postgres:13-alpine,,exploits/linux/http/apache_airflow_dag_rce,exploits,Unknown Vulnerability,No description available.,Vulnerability Name: Unknown Vulnerability. Description: No description available. Reliability: Normal. This module is of type 'exploits' and targets 'postgres:13-alpine' on port .
CVE-2020-14882,weblogic\CVE-2020-14882,vulhub/weblogic:12.2.1.3-2018,7001,exploits/multi/http/weblogic_admin_handle_rce,exploits,Unknown Vulnerability,No description available.,Vulnerability Name: Unknown Vulnerability. Description: No description available. Reliability: Normal. This module is of type 'exploits' and targets 'vulhub/weblogic:12.2.1.3-2018' on port 7001.
CVE-2020-16846,saltstack\CVE-2020-16846,vulhub/saltstack:3002,8000,exploits/linux/http/saltstack_salt_api_cmd_exec,exploits,Unknown Vulnerability,No description available.,Vulnerability Name: Unknown Vulnerability. Description: No description available. Reliability: Normal. This module is of type 'exploits' and targets 'vulhub/saltstack:3002' on port 8000.
CVE-2020-17519,flink\CVE-2020-17519,vulhub/flink:1.11.2,8081,auxiliary/scanner/http/apache_flink_jobmanager_traversal,auxiliary,Unknown Vulnerability,No description available.,Vulnerability Name: Unknown Vulnerability. Description: No description available. Reliability: Normal. This module is of type 'auxiliary' and targets 'vulhub/flink:1.11.2' on port 8081.
CVE-2020-17530,struts2\s2-061,vulhub/struts2:2.5.25,8080,exploits/multi/http/struts2_multi_eval_ognl,exploits,Unknown Vulnerability,No description available.,Vulnerability Name: Unknown Vulnerability. Description: No description available. Reliability: Normal. This module is of type 'exploits' and targets 'vulhub/struts2:2.5.25' on port 8080.
CVE-2020-1938,tomcat\CVE-2020-1938,vulhub/tomcat:9.0.30,8080,auxiliary/admin/http/tomcat_ghostcat,auxiliary,Unknown Vulnerability,No description available.,Vulnerability Name: Unknown Vulnerability. Description: No description available. Reliability: Normal. This module is of type 'auxiliary' and targets 'vulhub/tomcat:9.0.30' on port 8080.
CVE-2020-35476,opentsdb\CVE-2020-35476,vulhub/opentsdb:2.4.0,4242,exploits/linux/http/opentsdb_yrange_cmd_injection,exploits,Unknown Vulnerability,No description available.,Vulnerability Name: Unknown Vulnerability. Description: No description available. Reliability: Normal. This module is of type 'exploits' and targets 'vulhub/opentsdb:2.4.0' on port 4242.
CVE-2020-7012,kibana\CVE-2020-7012,vulhub/kibana:7.6.2,5601,exploits/linux/http/kibana_upgrade_assistant_telemetry_rce,exploits,Unknown Vulnerability,No description available.,Vulnerability Name: Unknown Vulnerability. Description: No description available. Reliability: Normal. This module is of type 'exploits' and targets 'vulhub/kibana:7.6.2' on port 5601.
CVE-2020-7247,opensmtpd\CVE-2020-7247,vulhub/opensmtpd:6.6.1p1,8825,exploits/unix/smtp/opensmtpd_mail_from_rce,exploits,Unknown Vulnerability,No description available.,Vulnerability Name: Unknown Vulnerability. Description: No description available. Reliability: Normal. This module is of type 'exploits' and targets 'vulhub/opensmtpd:6.6.1p1' on port 8825.
CVE-2020-7961,liferay-portal\CVE-2020-7961,vulhub/liferay-portal:7.2.0-ga1,8080,exploits/multi/http/liferay_java_unmarshalling,exploits,Unknown Vulnerability,No description available.,Vulnerability Name: Unknown Vulnerability. Description: No description available. Reliability: Normal. This module is of type 'exploits' and targets 'vulhub/liferay-portal:7.2.0-ga1' on port 8080.
CVE-2021-22205,gitlab\CVE-2021-22205,redis:5.0.9-alpine,,exploits/multi/http/gitlab_exif_rce,exploits,Unknown Vulnerability,No description available.,Vulnerability Name: Unknown Vulnerability. Description: No description available. Reliability: Normal. This module is of type 'exploits' and targets 'redis:5.0.9-alpine' on port .
CVE-2021-25646,apache-druid\CVE-2021-25646,vulhub/apache-druid:0.20.0,8888,exploits/linux/http/apache_druid_js_rce,exploits,Unknown Vulnerability,No description available.,Vulnerability Name: Unknown Vulnerability. Description: No description available. Reliability: Normal. This module is of type 'exploits' and targets 'vulhub/apache-druid:0.20.0' on port 8888.
CVE-2021-26084,confluence\CVE-2021-26084,vulhub/confluence:7.4.10,8090,exploits/multi/http/atlassian_confluence_webwork_ognl_injection,exploits,Unknown Vulnerability,No description available.,Vulnerability Name: Unknown Vulnerability. Description: No description available. Reliability: Normal. This module is of type 'exploits' and targets 'vulhub/confluence:7.4.10' on port 8090.
CVE-2021-28164,jetty\CVE-2021-28164,vulhub/jetty:9.4.37,8080,auxiliary/gather/jetty_web_inf_disclosure,auxiliary,Unknown Vulnerability,No description available.,Vulnerability Name: Unknown Vulnerability. Description: No description available. Reliability: Normal. This module is of type 'auxiliary' and targets 'vulhub/jetty:9.4.37' on port 8080.
CVE-2021-3129,laravel\CVE-2021-3129,vulhub/laravel:8.4.2,8080,exploits/multi/php/ignition_laravel_debug_rce,exploits,Unknown Vulnerability,No description available.,Vulnerability Name: Unknown Vulnerability. Description: No description available. Reliability: Normal. This module is of type 'exploits' and targets 'vulhub/laravel:8.4.2' on port 8080.
CVE-2021-32682,elfinder\CVE-2021-32682,vulhub/elfinder:2.1.58,8080,exploits/linux/http/elfinder_archive_cmd_injection,exploits,Unknown Vulnerability,No description available.,Vulnerability Name: Unknown Vulnerability. Description: No description available. Reliability: Normal. This module is of type 'exploits' and targets 'vulhub/elfinder:2.1.58' on port 8080.
CVE-2021-34429,jetty\CVE-2021-34429,vulhub/jetty:9.4.40,8080,auxiliary/gather/jetty_web_inf_disclosure,auxiliary,Unknown Vulnerability,No description available.,Vulnerability Name: Unknown Vulnerability. Description: No description available. Reliability: Normal. This module is of type 'auxiliary' and targets 'vulhub/jetty:9.4.40' on port 8080.
CVE-2021-4034,polkit\CVE-2021-4034,vulhub/polkit:0.105,2222,exploits/linux/local/cve_2021_4034_pwnkit_lpe_pkexec,exploits,Unknown Vulnerability,No description available.,Vulnerability Name: Unknown Vulnerability. Description: No description available. Reliability: Normal. This module is of type 'exploits' and targets 'vulhub/polkit:0.105' on port 2222.
CVE-2021-41773,httpd\CVE-2021-41773,,8080,exploits/multi/http/apache_normalize_path_rce,exploits,Unknown Vulnerability,No description available.,Vulnerability Name: Unknown Vulnerability. Description: No description available. Reliability: Normal. This module is of type 'exploits' and targets 'None' on port 8080.
CVE-2021-42013,httpd\CVE-2021-42013,,8080,exploits/multi/http/apache_normalize_path_rce,exploits,Unknown Vulnerability,No description available.,Vulnerability Name: Unknown Vulnerability. Description: No description available. Reliability: Normal. This module is of type 'exploits' and targets 'None' on port 8080.
CVE-2021-43798,grafana\CVE-2021-43798,vulhub/grafana:8.2.6,3000,auxiliary/scanner/http/grafana_plugin_traversal,auxiliary,Unknown Vulnerability,No description available.,Vulnerability Name: Unknown Vulnerability. Description: No description available. Reliability: Normal. This module is of type 'auxiliary' and targets 'vulhub/grafana:8.2.6' on port 3000.
CVE-2021-44228,log4j\CVE-2021-44228,vulhub/solr:8.11.0,8983,exploits/linux/http/mobileiron_core_log4shell,exploits,Unknown Vulnerability,No description available.,Vulnerability Name: Unknown Vulnerability. Description: No description available. Reliability: Normal. This module is of type 'exploits' and targets 'vulhub/solr:8.11.0' on port 8983.
CVE-2022-0543,redis\CVE-2022-0543,vulhub/redis:5.0.7,6379,exploits/linux/redis/redis_debian_sandbox_escape,exploits,Unknown Vulnerability,No description available.,Vulnerability Name: Unknown Vulnerability. Description: No description available. Reliability: Normal. This module is of type 'exploits' and targets 'vulhub/redis:5.0.7' on port 6379.
CVE-2022-22947,spring\CVE-2022-22947,vulhub/spring-cloud-gateway:3.1.0,8080,exploits/linux/http/spring_cloud_gateway_rce,exploits,Unknown Vulnerability,No description available.,Vulnerability Name: Unknown Vulnerability. Description: No description available. Reliability: Normal. This module is of type 'exploits' and targets 'vulhub/spring-cloud-gateway:3.1.0' on port 8080.
CVE-2022-22963,spring\CVE-2022-22963,vulhub/spring-cloud-function:3.2.2,8080,exploits/multi/http/spring_cloud_function_spel_injection,exploits,Unknown Vulnerability,No description available.,Vulnerability Name: Unknown Vulnerability. Description: No description available. Reliability: Normal. This module is of type 'exploits' and targets 'vulhub/spring-cloud-function:3.2.2' on port 8080.
CVE-2022-22965,spring\CVE-2022-22965,vulhub/spring-webmvc:5.3.17,8080,exploits/multi/http/spring_framework_rce_spring4shell,exploits,Unknown Vulnerability,No description available.,Vulnerability Name: Unknown Vulnerability. Description: No description available. Reliability: Normal. This module is of type 'exploits' and targets 'vulhub/spring-webmvc:5.3.17' on port 8080.
CVE-2022-24706,couchdb\CVE-2022-24706,vulhub/couchdb:3.2.1,5984,exploits/multi/http/apache_couchdb_erlang_rce,exploits,Unknown Vulnerability,No description available.,Vulnerability Name: Unknown Vulnerability. Description: No description available. Reliability: Normal. This module is of type 'exploits' and targets 'vulhub/couchdb:3.2.1' on port 5984.
CVE-2022-26134,confluence\CVE-2022-26134,vulhub/confluence:7.13.6,8090,exploits/multi/http/atlassian_confluence_namespace_ognl_injection,exploits,Unknown Vulnerability,No description available.,Vulnerability Name: Unknown Vulnerability. Description: No description available. Reliability: Normal. This module is of type 'exploits' and targets 'vulhub/confluence:7.13.6' on port 8090.
CVE-2022-46169,cacti\CVE-2022-46169,vulhub/cacti:1.2.22,8080,exploits/linux/http/cacti_unauthenticated_cmd_injection,exploits,Unknown Vulnerability,No description available.,Vulnerability Name: Unknown Vulnerability. Description: No description available. Reliability: Normal. This module is of type 'exploits' and targets 'vulhub/cacti:1.2.22' on port 8080.
CVE-2023-21839,weblogic\CVE-2023-21839,vulhub/weblogic:12.2.1.3-2018,7001,exploits/multi/iiop/cve_2023_21839_weblogic_rce,exploits,Unknown Vulnerability,No description available.,Vulnerability Name: Unknown Vulnerability. Description: No description available. Reliability: Normal. This module is of type 'exploits' and targets 'vulhub/weblogic:12.2.1.3-2018' on port 7001.
CVE-2023-22515,confluence\CVE-2023-22515,vulhub/confluence:8.5.1,8090,exploits/multi/http/atlassian_confluence_rce_cve_2023_22515,exploits,Unknown Vulnerability,No description available.,Vulnerability Name: Unknown Vulnerability. Description: No description available. Reliability: Normal. This module is of type 'exploits' and targets 'vulhub/confluence:8.5.1' on port 8090.
CVE-2023-22527,confluence\CVE-2023-22527,vulhub/confluence:8.5.3,8090,exploits/multi/http/atlassian_confluence_rce_cve_2023_22527,exploits,Unknown Vulnerability,No description available.,Vulnerability Name: Unknown Vulnerability. Description: No description available. Reliability: Normal. This module is of type 'exploits' and targets 'vulhub/confluence:8.5.3' on port 8090.
CVE-2023-23752,joomla\CVE-2023-23752,vulhub/joomla:4.2.7,8080,auxiliary/scanner/http/joomla_api_improper_access_checks,auxiliary,Unknown Vulnerability,No description available.,Vulnerability Name: Unknown Vulnerability. Description: No description available. Reliability: Normal. This module is of type 'auxiliary' and targets 'vulhub/joomla:4.2.7' on port 8080.
CVE-2023-25194,kafka\CVE-2023-25194,vulhub/apache-druid:25.0.0,8888,exploits/multi/http/apache_druid_cve_2023_25194,exploits,Unknown Vulnerability,No description available.,Vulnerability Name: Unknown Vulnerability. Description: No description available. Reliability: Normal. This module is of type 'exploits' and targets 'vulhub/apache-druid:25.0.0' on port 8888.
CVE-2023-25826,opentsdb\CVE-2023-25826,vulhub/opentsdb:2.4.1,4242,exploits/linux/http/opentsdb_key_cmd_injection,exploits,Unknown Vulnerability,No description available.,Vulnerability Name: Unknown Vulnerability. Description: No description available. Reliability: Normal. This module is of type 'exploits' and targets 'vulhub/opentsdb:2.4.1' on port 4242.
CVE-2023-26360,coldfusion\CVE-2023-26360,vulhub/coldfusion:2018.0.15,8500,exploits/multi/http/adobe_coldfusion_rce_cve_2023_26360,exploits,Unknown Vulnerability,No description available.,Vulnerability Name: Unknown Vulnerability. Description: No description available. Reliability: Normal. This module is of type 'exploits' and targets 'vulhub/coldfusion:2018.0.15' on port 8500.
CVE-2023-27524,superset\CVE-2023-27524,vulhub/superset:2.0.1,8088,exploits/linux/http/apache_superset_cookie_sig_rce,exploits,Unknown Vulnerability,No description available.,Vulnerability Name: Unknown Vulnerability. Description: No description available. Reliability: Normal. This module is of type 'exploits' and targets 'vulhub/superset:2.0.1' on port 8088.
CVE-2023-28432,minio\CVE-2023-28432,vulhub/minio:2023-02-27T18-10-45Z,9000,auxiliary/gather/minio_bootstrap_verify_info_disc,auxiliary,Unknown Vulnerability,No description available.,Vulnerability Name: Unknown Vulnerability. Description: No description available. Reliability: Normal. This module is of type 'auxiliary' and targets 'vulhub/minio:2023-02-27T18-10-45Z' on port 9000.
CVE-2023-32315,openfire\CVE-2023-32315,vulhub/openfire:4.7.4,9090,exploits/multi/http/openfire_auth_bypass_rce_cve_2023_32315,exploits,Unknown Vulnerability,No description available.,Vulnerability Name: Unknown Vulnerability. Description: No description available. Reliability: Normal. This module is of type 'exploits' and targets 'vulhub/openfire:4.7.4' on port 9090.
CVE-2023-33246,rocketmq\CVE-2023-33246,vulhub/rocketmq:5.1.0,10911,exploits/multi/http/apache_rocketmq_update_config,exploits,Unknown Vulnerability,No description available.,Vulnerability Name: Unknown Vulnerability. Description: No description available. Reliability: Normal. This module is of type 'exploits' and targets 'vulhub/rocketmq:5.1.0' on port 10911.
CVE-2023-38646,metabase\CVE-2023-38646,vulhub/metabase:0.46.6,3000,exploits/linux/http/metabase_setup_token_rce,exploits,Unknown Vulnerability,No description available.,Vulnerability Name: Unknown Vulnerability. Description: No description available. Reliability: Normal. This module is of type 'exploits' and targets 'vulhub/metabase:0.46.6' on port 3000.
CVE-2023-41892,craftcms\CVE-2023-41892,vulhub/craftcms:4.4.14,8088,exploits/linux/http/craftcms_unauth_rce_cve_2023_41892,exploits,Unknown Vulnerability,No description available.,Vulnerability Name: Unknown Vulnerability. Description: No description available. Reliability: Normal. This module is of type 'exploits' and targets 'vulhub/craftcms:4.4.14' on port 8088.
CVE-2023-42793,teamcity\CVE-2023-42793,vulhub/teamcity:2023.05.3,8111,exploits/multi/http/jetbrains_teamcity_rce_cve_2023_42793,exploits,Unknown Vulnerability,No description available.,Vulnerability Name: Unknown Vulnerability. Description: No description available. Reliability: Normal. This module is of type 'exploits' and targets 'vulhub/teamcity:2023.05.3' on port 8111.
CVE-2023-46604,activemq\CVE-2023-46604,vulhub/activemq:5.17.3,61616,exploits/multi/misc/apache_activemq_rce_cve_2023_46604,exploits,Unknown Vulnerability,No description available.,Vulnerability Name: Unknown Vulnerability. Description: No description available. Reliability: Normal. This module is of type 'exploits' and targets 'vulhub/activemq:5.17.3' on port 61616.
CVE-2023-49070,ofbiz\CVE-2023-49070,vulhub/ofbiz:18.12.09,8443,exploits/linux/http/apache_ofbiz_deserialization,exploits,Unknown Vulnerability,No description available.,Vulnerability Name: Unknown Vulnerability. Description: No description available. Reliability: Normal. This module is of type 'exploits' and targets 'vulhub/ofbiz:18.12.09' on port 8443.
CVE-2023-51467,ofbiz\CVE-2023-51467,vulhub/ofbiz:18.12.10,8443,exploits/linux/http/apache_ofbiz_deserialization,exploits,Unknown Vulnerability,No description available.,Vulnerability Name: Unknown Vulnerability. Description: No description available. Reliability: Normal. This module is of type 'exploits' and targets 'vulhub/ofbiz:18.12.10' on port 8443.
CVE-2024-23897,jenkins\CVE-2024-23897,vulhub/jenkins:2.441,50000,auxiliary/gather/jenkins_cli_ampersand_arbitrary_file_read,auxiliary,Unknown Vulnerability,No description available.,Vulnerability Name: Unknown Vulnerability. Description: No description available. Reliability: Normal. This module is of type 'auxiliary' and targets 'vulhub/jenkins:2.441' on port 50000.
CVE-2024-27348,hugegraph\CVE-2024-27348,vulhub/hugegraph:1.2.0,8080,exploits/linux/http/apache_hugegraph_gremlin_rce,exploits,Unknown Vulnerability,No description available.,Vulnerability Name: Unknown Vulnerability. Description: No description available. Reliability: Normal. This module is of type 'exploits' and targets 'vulhub/hugegraph:1.2.0' on port 8080.
CVE-2024-2961,php\CVE-2024-2961,vulhub/php:8.3.4-apache,8080,exploits/linux/http/magento_xxe_to_glibc_buf_overflow,exploits,Unknown Vulnerability,No description available.,Vulnerability Name: Unknown Vulnerability. Description: No description available. Reliability: Normal. This module is of type 'exploits' and targets 'vulhub/php:8.3.4-apache' on port 8080.
CVE-2024-32113,ofbiz\CVE-2024-45195,vulhub/ofbiz:18.12.15,8443,exploits/multi/http/apache_ofbiz_forgot_password_directory_traversal,exploits,Unknown Vulnerability,No description available.,Vulnerability Name: Unknown Vulnerability. Description: No description available. Reliability: Normal. This module is of type 'exploits' and targets 'vulhub/ofbiz:18.12.15' on port 8443.
CVE-2024-36401,geoserver\CVE-2024-36401,vulhub/geoserver:2.23.2,8080,exploits/multi/http/geoserver_unauth_rce_cve_2024_36401,exploits,Unknown Vulnerability,No description available.,Vulnerability Name: Unknown Vulnerability. Description: No description available. Reliability: Normal. This module is of type 'exploits' and targets 'vulhub/geoserver:2.23.2' on port 8080.
CVE-2024-38856,ofbiz\CVE-2024-38856,vulhub/ofbiz:18.12.14,8443,exploits/multi/http/apache_ofbiz_forgot_password_directory_traversal,exploits,Unknown Vulnerability,No description available.,Vulnerability Name: Unknown Vulnerability. Description: No description available. Reliability: Normal. This module is of type 'exploits' and targets 'vulhub/ofbiz:18.12.14' on port 8443.
CVE-2024-47177,cups-browsed\CVE-2024-47177,vulhub/cups-browsed:2.0.1,631,exploits/multi/misc/cups_ipp_remote_code_execution,exploits,Unknown Vulnerability,No description available.,Vulnerability Name: Unknown Vulnerability. Description: No description available. Reliability: Normal. This module is of type 'exploits' and targets 'vulhub/cups-browsed:2.0.1' on port 631.
CVE-2024-56145,craftcms\CVE-2024-56145,vulhub/craftcms:5.5.1.1,8088,exploits/linux/http/craftcms_ftp_template,exploits,Unknown Vulnerability,No description available.,Vulnerability Name: Unknown Vulnerability. Description: No description available. Reliability: Normal. This module is of type 'exploits' and targets 'vulhub/craftcms:5.5.1.1' on port 8088.
CVE-2025-24813,tomcat\CVE-2025-24813,,8080,exploits/multi/http/tomcat_partial_put_deserialization,exploits,Unknown Vulnerability,No description available.,Vulnerability Name: Unknown Vulnerability. Description: No description available. Reliability: Normal. This module is of type 'exploits' and targets 'None' on port 8080.
CVE-2025-2945,pgadmin\CVE-2025-2945,postgres:17-alpine,,exploits/multi/http/pgadmin_query_tool_authenticated,exploits,Unknown Vulnerability,No description available.,Vulnerability Name: Unknown Vulnerability. Description: No description available. Reliability: Normal. This module is of type 'exploits' and targets 'postgres:17-alpine' on port .
CVE-2025-32433,erlang\CVE-2025-32433,vulhub/erlang:27.3.2-with-ssh,2222,exploits/linux/ssh/ssh_erlangotp_rce,exploits,Unknown Vulnerability,No description available.,Vulnerability Name: Unknown Vulnerability. Description: No description available. Reliability: Normal. This module is of type 'exploits' and targets 'vulhub/erlang:27.3.2-with-ssh' on port 2222.
CVE-2025-3248,langflow\CVE-2025-3248,vulhub/langflow:1.2.0,7860,exploits/multi/http/langflow_unauth_rce_cve_2025_3248,exploits,Unknown Vulnerability,No description available.,Vulnerability Name: Unknown Vulnerability. Description: No description available. Reliability: Normal. This module is of type 'exploits' and targets 'vulhub/langflow:1.2.0' on port 7860.
